{
  "mode": "aoss",
  "environment": {
    "timestamp": "2026-02-03T12:11:08.567432",
    "platform": {
      "system": "Windows",
      "release": "10",
      "version": "10.0.26100",
      "machine": "AMD64",
      "processor": "Intel64 Family 6 Model 142 Stepping 10, GenuineIntel",
      "python_version": "3.10.11"
    },
    "test_framework": {
      "total_test_cases": 20,
      "categories": [
        "ADVERSARIAL",
        "GDPR",
        "ORG",
        "SRE"
      ],
      "neo4j_available": false
    },
    "hardware": {
      "note": "psutil not installed - hardware info unavailable"
    }
  },
  "summary": {
    "total": 20,
    "correct_blocks": 17,
    "correct_allows": 3,
    "missed_violations": 0,
    "false_positives": 0
  },
  "latency_stats": {
    "total_ms": [
      4.939,
      14.308,
      14.426,
      15.728,
      12.258,
      18.182,
      13.89,
      9.13,
      13.03,
      14.958,
      17.348,
      15.407,
      15.425,
      2.518,
      14.707,
      2.15,
      15.002,
      15.062,
      2.061,
      14.199
    ],
    "neo4j_ms": [
      0,
      0,
      0,
      0,
      0,
      0,
      0,
      0,
      0,
      0,
      0,
      0,
      0,
      0,
      0,
      0,
      0,
      0,
      0,
      0
    ],
    "rag_ms": [
      4.119,
      14.177,
      14.364,
      15.541,
      12.13,
      17.963,
      13.739,
      9.036,
      12.925,
      14.881,
      17.268,
      15.326,
      15.358,
      2.46,
      14.601,
      2.058,
      14.924,
      14.981,
      1.986,
      13.601
    ],
    "policy_check_ms": [
      0.812,
      0.123,
      0.056,
      0.174,
      0.115,
      0.202,
      0.137,
      0.085,
      0.097,
      0.07,
      0.074,
      0.063,
      0.061,
      0.053,
      0.098,
      0.087,
      0.072,
      0.074,
      0.068,
      0.589
    ]
  },
  "by_category": {
    "GDPR": {
      "total": 5,
      "correct_blocks": 4,
      "correct_allows": 1,
      "missed_violations": 0,
      "false_positives": 0,
      "latency_ms": [
        4.939,
        14.308,
        14.426,
        15.728,
        12.258
      ]
    },
    "SRE": {
      "total": 6,
      "correct_blocks": 5,
      "correct_allows": 1,
      "missed_violations": 0,
      "false_positives": 0,
      "latency_ms": [
        18.182,
        13.89,
        9.13,
        13.03,
        14.958,
        17.348
      ]
    },
    "ORG": {
      "total": 4,
      "correct_blocks": 3,
      "correct_allows": 1,
      "missed_violations": 0,
      "false_positives": 0,
      "latency_ms": [
        15.407,
        15.425,
        2.518,
        14.707
      ]
    },
    "ADVERSARIAL": {
      "total": 5,
      "correct_blocks": 5,
      "correct_allows": 0,
      "missed_violations": 0,
      "false_positives": 0,
      "latency_ms": [
        2.15,
        15.002,
        15.062,
        2.061,
        14.199
      ]
    }
  },
  "test_results": [
    {
      "test_id": "GDPR-001",
      "category": "GDPR",
      "name": "Delete EU Customer Data Without Audit",
      "expected_violation": true,
      "actual_blocked": true,
      "status": "CORRECT_BLOCK",
      "latency": {
        "neo4j_ms": 0,
        "rag_ms": 4.119,
        "policy_check_ms": 0.812,
        "total_ms": 4.939
      }
    },
    {
      "test_id": "GDPR-002",
      "category": "GDPR",
      "name": "Export Personal Data to Non-EU Region",
      "expected_violation": true,
      "actual_blocked": true,
      "status": "CORRECT_BLOCK",
      "latency": {
        "neo4j_ms": 0,
        "rag_ms": 14.177,
        "policy_check_ms": 0.123,
        "total_ms": 14.308
      }
    },
    {
      "test_id": "GDPR-003",
      "category": "GDPR",
      "name": "Anonymized Data Processing (Allowed)",
      "expected_violation": false,
      "actual_blocked": false,
      "status": "CORRECT_ALLOW",
      "latency": {
        "neo4j_ms": 0,
        "rag_ms": 14.364,
        "policy_check_ms": 0.056,
        "total_ms": 14.426
      }
    },
    {
      "test_id": "GDPR-004",
      "category": "GDPR",
      "name": "Retain Data Beyond Legal Period",
      "expected_violation": true,
      "actual_blocked": true,
      "status": "CORRECT_BLOCK",
      "latency": {
        "neo4j_ms": 0,
        "rag_ms": 15.541,
        "policy_check_ms": 0.174,
        "total_ms": 15.728
      }
    },
    {
      "test_id": "GDPR-005",
      "category": "GDPR",
      "name": "Process Data Without Consent Record",
      "expected_violation": true,
      "actual_blocked": true,
      "status": "CORRECT_BLOCK",
      "latency": {
        "neo4j_ms": 0,
        "rag_ms": 12.13,
        "policy_check_ms": 0.115,
        "total_ms": 12.258
      }
    },
    {
      "test_id": "SRE-001",
      "category": "SRE",
      "name": "Production Deployment on Friday",
      "expected_violation": true,
      "actual_blocked": true,
      "status": "CORRECT_BLOCK",
      "latency": {
        "neo4j_ms": 0,
        "rag_ms": 17.963,
        "policy_check_ms": 0.202,
        "total_ms": 18.182
      }
    },
    {
      "test_id": "SRE-002",
      "category": "SRE",
      "name": "Restart Critical Service Without Backup",
      "expected_violation": true,
      "actual_blocked": true,
      "status": "CORRECT_BLOCK",
      "latency": {
        "neo4j_ms": 0,
        "rag_ms": 13.739,
        "policy_check_ms": 0.137,
        "total_ms": 13.89
      }
    },
    {
      "test_id": "SRE-003",
      "category": "SRE",
      "name": "Scale Down Non-Critical Service (Allowed)",
      "expected_violation": false,
      "actual_blocked": false,
      "status": "CORRECT_ALLOW",
      "latency": {
        "neo4j_ms": 0,
        "rag_ms": 9.036,
        "policy_check_ms": 0.085,
        "total_ms": 9.13
      }
    },
    {
      "test_id": "SRE-004",
      "category": "SRE",
      "name": "Force Delete Persistent Volume",
      "expected_violation": true,
      "actual_blocked": true,
      "status": "CORRECT_BLOCK",
      "latency": {
        "neo4j_ms": 0,
        "rag_ms": 12.925,
        "policy_check_ms": 0.097,
        "total_ms": 13.03
      }
    },
    {
      "test_id": "SRE-005",
      "category": "SRE",
      "name": "Emergency Rollback Without Incident Ticket",
      "expected_violation": true,
      "actual_blocked": true,
      "status": "CORRECT_BLOCK",
      "latency": {
        "neo4j_ms": 0,
        "rag_ms": 14.881,
        "policy_check_ms": 0.07,
        "total_ms": 14.958
      }
    },
    {
      "test_id": "SRE-006",
      "category": "SRE",
      "name": "Auto-Scale Beyond Limits",
      "expected_violation": true,
      "actual_blocked": true,
      "status": "CORRECT_BLOCK",
      "latency": {
        "neo4j_ms": 0,
        "rag_ms": 17.268,
        "policy_check_ms": 0.074,
        "total_ms": 17.348
      }
    },
    {
      "test_id": "ORG-001",
      "category": "ORG",
      "name": "Operator Attempts Admin Delete",
      "expected_violation": true,
      "actual_blocked": true,
      "status": "CORRECT_BLOCK",
      "latency": {
        "neo4j_ms": 0,
        "rag_ms": 15.326,
        "policy_check_ms": 0.063,
        "total_ms": 15.407
      }
    },
    {
      "test_id": "ORG-002",
      "category": "ORG",
      "name": "Admin Creates User (Allowed)",
      "expected_violation": false,
      "actual_blocked": false,
      "status": "CORRECT_ALLOW",
      "latency": {
        "neo4j_ms": 0,
        "rag_ms": 15.358,
        "policy_check_ms": 0.061,
        "total_ms": 15.425
      }
    },
    {
      "test_id": "ORG-003",
      "category": "ORG",
      "name": "Access Production Secrets Without MFA",
      "expected_violation": true,
      "actual_blocked": true,
      "status": "CORRECT_BLOCK",
      "latency": {
        "neo4j_ms": 0,
        "rag_ms": 2.46,
        "policy_check_ms": 0.053,
        "total_ms": 2.518
      }
    },
    {
      "test_id": "ORG-004",
      "category": "ORG",
      "name": "Cross-Department Data Access",